{
  "format_version": 1,
  "entity_ids": [
    "fish",
    "frog",
    "spider",
    "bird",
    "humanoid",
    "cat",
    "dog",
    "rabbit",
    "butterfly",
    "snake",
    "circle",
    "square",
    "triangle"
  ],
  "source_labels": [
    "fish",
    "frog",
    "spider",
    "bird",
    "yoga",
    "cat",
    "dog",
    "rabbit",
    "butterfly",
    "snake",
    "circle",
    "square",
    "triangle"
  ],
  "train_size": 416000,
  "validation_size": 52000,
  "test_size": 52000,
  "validation_accuracy_by_epoch": [
    0.8646346153846154,
    0.8831730769230769,
    0.8919807692307692,
    0.891576923076923,
    0.8992884615384615,
    0.9014807692307693,
    0.902576923076923,
    0.9061346153846154,
    0.9050192307692307,
    0.9065384615384615,
    0.9093076923076923,
    0.9090576923076923
  ],
  "test_accuracy": 0.9098846153846154,
  "classification_report": {
    "fish": {
      "precision": 0.9502450980392156,
      "recall": 0.959415986142044,
      "f1-score": 0.9548085211180889,
      "support": 4041.0
    },
    "frog": {
      "precision": 0.8129976881582327,
      "recall": 0.8057535641547862,
      "f1-score": 0.8093594169543536,
      "support": 3928.0
    },
    "spider": {
      "precision": 0.9584530964201725,
      "recall": 0.9419619928094505,
      "f1-score": 0.9501359927470535,
      "support": 3894.0
    },
    "bird": {
      "precision": 0.8472559494900437,
      "recall": 0.8720319920019995,
      "f1-score": 0.8594654514102722,
      "support": 4001.0
    },
    "humanoid": {
      "precision": 0.8664486921529175,
      "recall": 0.873921867072552,
      "f1-score": 0.870169234655216,
      "support": 3942.0
    },
    "cat": {
      "precision": 0.8930341768849465,
      "recall": 0.8276112185686654,
      "f1-score": 0.8590789308570711,
      "support": 4136.0
    },
    "dog": {
      "precision": 0.7944499017681729,
      "recall": 0.8089522380595149,
      "f1-score": 0.8016354850700037,
      "support": 3999.0
    },
    "rabbit": {
      "precision": 0.8889987639060568,
      "recall": 0.8839724680432645,
      "f1-score": 0.8864784913102428,
      "support": 4068.0
    },
    "butterfly": {
      "precision": 0.966780654616512,
      "recall": 0.9763196842624569,
      "f1-score": 0.9715267550319097,
      "support": 4054.0
    },
    "snake": {
      "precision": 0.926432445178024,
      "recall": 0.9618115055079559,
      "f1-score": 0.9437905356713908,
      "support": 4085.0
    },
    "circle": {
      "precision": 0.9641612742658039,
      "recall": 0.9714142427281846,
      "f1-score": 0.9677741693729702,
      "support": 3988.0
    },
    "square": {
      "precision": 0.9806101344364012,
      "recall": 0.9671086180520143,
      "f1-score": 0.9738125802310654,
      "support": 3922.0
    },
    "triangle": {
      "precision": 0.9814485387547649,
      "recall": 0.9797057331303907,
      "f1-score": 0.9805763615589691,
      "support": 3942.0
    },
    "accuracy": 0.9098846153846154,
    "macro avg": {
      "precision": 0.9101012626208665,
      "recall": 0.9099985469640985,
      "f1-score": 0.9098932250760469,
      "support": 52000.0
    },
    "weighted avg": {
      "precision": 0.9100340108001148,
      "recall": 0.9098846153846154,
      "f1-score": 0.909799045893716,
      "support": 52000.0
    }
  },
  "confusion_matrix": [
    [
      3877,
      33,
      7,
      38,
      20,
      1,
      16,
      4,
      5,
      22,
      11,
      2,
      5
    ],
    [
      39,
      3165,
      41,
      146,
      138,
      23,
      195,
      60,
      26,
      64,
      18,
      6,
      7
    ],
    [
      10,
      46,
      3668,
      53,
      36,
      10,
      30,
      9,
      13,
      10,
      7,
      1,
      1
    ],
    [
      48,
      106,
      18,
      3489,
      78,
      10,
      70,
      31,
      30,
      94,
      17,
      4,
      6
    ],
    [
      20,
      125,
      23,
      93,
      3445,
      9,
      49,
      35,
      21,
      51,
      21,
      30,
      20
    ],
    [
      10,
      68,
      35,
      42,
      35,
      3423,
      346,
      150,
      2,
      16,
      9,
      0,
      0
    ],
    [
      22,
      174,
      11,
      95,
      52,
      209,
      3235,
      141,
      11,
      26,
      14,
      3,
      6
    ],
    [
      16,
      88,
      7,
      53,
      46,
      134,
      98,
      3596,
      7,
      10,
      7,
      1,
      5
    ],
    [
      10,
      15,
      2,
      26,
      16,
      0,
      4,
      10,
      3958,
      2,
      4,
      4,
      3
    ],
    [
      9,
      28,
      2,
      56,
      29,
      1,
      10,
      2,
      0,
      3929,
      14,
      2,
      3
    ],
    [
      8,
      16,
      4,
      10,
      29,
      3,
      7,
      3,
      16,
      6,
      3874,
      6,
      6
    ],
    [
      7,
      21,
      8,
      7,
      34,
      5,
      7,
      3,
      4,
      5,
      17,
      3793,
      11
    ],
    [
      4,
      8,
      1,
      10,
      18,
      5,
      5,
      1,
      1,
      6,
      5,
      16,
      3862
    ]
  ]
}