{
  "format_version": 1,
  "entity_ids": [
    "fish",
    "frog",
    "spider",
    "bird",
    "humanoid",
    "cat",
    "dog",
    "rabbit",
    "butterfly",
    "snake"
  ],
  "source_labels": [
    "fish",
    "frog",
    "spider",
    "bird",
    "yoga",
    "cat",
    "dog",
    "rabbit",
    "butterfly",
    "snake"
  ],
  "train_size": 320000,
  "validation_size": 40000,
  "test_size": 40000,
  "validation_accuracy_by_epoch": [
    0.82805,
    0.855,
    0.864625,
    0.868675,
    0.879225,
    0.87915,
    0.881175,
    0.885475,
    0.884575,
    0.88965,
    0.890975,
    0.89105
  ],
  "test_accuracy": 0.8916,
  "classification_report": {
    "fish": {
      "precision": 0.9743067921648435,
      "recall": 0.9482545184451597,
      "f1-score": 0.9611041405269761,
      "support": 4039.0
    },
    "frog": {
      "precision": 0.8065665563756681,
      "recall": 0.8071828833418238,
      "f1-score": 0.8068746021642266,
      "support": 3926.0
    },
    "spider": {
      "precision": 0.9431352459016393,
      "recall": 0.94726009776177,
      "f1-score": 0.945193171608266,
      "support": 3887.0
    },
    "bird": {
      "precision": 0.895364238410596,
      "recall": 0.8454227113556778,
      "f1-score": 0.8696770873536601,
      "support": 3998.0
    },
    "humanoid": {
      "precision": 0.8129952456418383,
      "recall": 0.9121158242316485,
      "f1-score": 0.8597079243476179,
      "support": 3937.0
    },
    "cat": {
      "precision": 0.8599269183922046,
      "recall": 0.8534816247582205,
      "f1-score": 0.8566921490110424,
      "support": 4136.0
    },
    "dog": {
      "precision": 0.821917808219178,
      "recall": 0.7957957957957958,
      "f1-score": 0.8086458995549904,
      "support": 3996.0
    },
    "rabbit": {
      "precision": 0.9022403258655805,
      "recall": 0.8718327183271832,
      "f1-score": 0.8867759289378206,
      "support": 4065.0
    },
    "butterfly": {
      "precision": 0.9694600537503054,
      "recall": 0.9792694965449161,
      "f1-score": 0.9743400859422959,
      "support": 4052.0
    },
    "snake": {
      "precision": 0.9360335885403803,
      "recall": 0.9561049445005045,
      "f1-score": 0.9459628104330463,
      "support": 3964.0
    },
    "accuracy": 0.8916,
    "macro avg": {
      "precision": 0.8921946773262235,
      "recall": 0.8916720615062699,
      "f1-score": 0.8914973799879942,
      "support": 40000.0
    },
    "weighted avg": {
      "precision": 0.8923884536372427,
      "recall": 0.8916,
      "f1-score": 0.8915622191495369,
      "support": 40000.0
    }
  },
  "confusion_matrix": [
    [
      3830,
      48,
      12,
      44,
      48,
      5,
      12,
      3,
      11,
      26
    ],
    [
      18,
      3169,
      61,
      97,
      241,
      38,
      173,
      58,
      26,
      45
    ],
    [
      3,
      35,
      3682,
      27,
      70,
      24,
      21,
      9,
      12,
      4
    ],
    [
      35,
      148,
      29,
      3380,
      155,
      22,
      71,
      27,
      38,
      93
    ],
    [
      9,
      101,
      28,
      54,
      3591,
      15,
      44,
      33,
      19,
      43
    ],
    [
      3,
      84,
      52,
      26,
      50,
      3530,
      279,
      100,
      4,
      8
    ],
    [
      15,
      199,
      21,
      56,
      94,
      258,
      3180,
      141,
      11,
      21
    ],
    [
      5,
      92,
      13,
      30,
      77,
      209,
      77,
      3544,
      4,
      14
    ],
    [
      8,
      15,
      4,
      10,
      30,
      3,
      2,
      7,
      3968,
      5
    ],
    [
      5,
      38,
      2,
      51,
      61,
      1,
      10,
      6,
      0,
      3790
    ]
  ]
}