{
  "format_version": 1,
  "entity_ids": [
    "fish",
    "frog",
    "spider",
    "bird",
    "humanoid",
    "cat",
    "dog",
    "rabbit",
    "butterfly",
    "snake",
    "circle",
    "square",
    "triangle",
    "axe",
    "ladder",
    "key",
    "umbrella",
    "flashlight",
    "sailboat"
  ],
  "source_labels": [
    "fish",
    "frog",
    "spider",
    "bird",
    "yoga",
    "cat",
    "dog",
    "rabbit",
    "butterfly",
    "snake",
    "circle",
    "square",
    "triangle",
    "axe",
    "ladder",
    "key",
    "umbrella",
    "flashlight",
    "sailboat"
  ],
  "train_size": 608000,
  "validation_size": 76000,
  "test_size": 76000,
  "validation_accuracy_by_epoch": [
    0.8718421052631579,
    0.8851710526315789,
    0.8991578947368422,
    0.9036578947368421,
    0.9076184210526316,
    0.9101052631578948,
    0.910578947368421,
    0.9114210526315789,
    0.9145657894736842,
    0.9150657894736842,
    0.914921052631579,
    0.9157105263157894
  ],
  "test_accuracy": 0.9158157894736842,
  "classification_report": {
    "fish": {
      "precision": 0.9699021820917983,
      "recall": 0.9494230297078321,
      "f1-score": 0.9595533498759306,
      "support": 4073.0
    },
    "frog": {
      "precision": 0.7604617604617605,
      "recall": 0.7932764676367285,
      "f1-score": 0.7765225933202358,
      "support": 3986.0
    },
    "spider": {
      "precision": 0.938343949044586,
      "recall": 0.9328774062816616,
      "f1-score": 0.9356026927473644,
      "support": 3948.0
    },
    "bird": {
      "precision": 0.8765400410677618,
      "recall": 0.8459251919742383,
      "f1-score": 0.8609605445606958,
      "support": 4037.0
    },
    "humanoid": {
      "precision": 0.7937219730941704,
      "recall": 0.8605424769703173,
      "f1-score": 0.8257826887661142,
      "support": 3908.0
    },
    "cat": {
      "precision": 0.8815276695245519,
      "recall": 0.823943661971831,
      "f1-score": 0.8517635245387223,
      "support": 4118.0
    },
    "dog": {
      "precision": 0.8055555555555556,
      "recall": 0.7719738824711201,
      "f1-score": 0.7884072839189535,
      "support": 3982.0
    },
    "rabbit": {
      "precision": 0.889956994687579,
      "recall": 0.8727362937236418,
      "f1-score": 0.8812625250501002,
      "support": 4031.0
    },
    "butterfly": {
      "precision": 0.9708934446975449,
      "recall": 0.96527428283845,
      "f1-score": 0.9680757097791798,
      "support": 3974.0
    },
    "snake": {
      "precision": 0.9133059647428158,
      "recall": 0.9564997470915528,
      "f1-score": 0.9344039530574428,
      "support": 3954.0
    },
    "circle": {
      "precision": 0.9652023692003948,
      "recall": 0.9671117705242335,
      "f1-score": 0.9661561264822134,
      "support": 4044.0
    },
    "square": {
      "precision": 0.9871018689128718,
      "recall": 0.959079283887468,
      "f1-score": 0.9728888312362174,
      "support": 3910.0
    },
    "triangle": {
      "precision": 0.9806094182825484,
      "recall": 0.9781461944235117,
      "f1-score": 0.9793762575452716,
      "support": 3981.0
    },
    "axe": {
      "precision": 0.9132676980778247,
      "recall": 0.9490864799025579,
      "f1-score": 0.9308326364830964,
      "support": 4105.0
    },
    "ladder": {
      "precision": 0.9791359842906234,
      "recall": 0.9793763810459121,
      "f1-score": 0.9792561679145698,
      "support": 4073.0
    },
    "key": {
      "precision": 0.9106742970888281,
      "recall": 0.9242424242424242,
      "f1-score": 0.9174081965158541,
      "support": 3960.0
    },
    "umbrella": {
      "precision": 0.975006375924509,
      "recall": 0.9700583608221264,
      "f1-score": 0.9725260747901298,
      "support": 3941.0
    },
    "flashlight": {
      "precision": 0.9330817610062893,
      "recall": 0.9340216570133467,
      "f1-score": 0.933551472438963,
      "support": 3971.0
    },
    "sailboat": {
      "precision": 0.9668329177057357,
      "recall": 0.9682817182817183,
      "f1-score": 0.9675567756426254,
      "support": 4004.0
    },
    "accuracy": 0.9158157894736842,
    "macro avg": {
      "precision": 0.9163748539714607,
      "recall": 0.9158882479374038,
      "f1-score": 0.9158888107717725,
      "support": 76000.0
    },
    "weighted avg": {
      "precision": 0.9164518211027091,
      "recall": 0.9158157894736842,
      "f1-score": 0.9158911705722754,
      "support": 76000.0
    }
  },