{
  "format_version": 1,
  "entity_ids": [
    "fish",
    "frog",
    "spider",
    "bird",
    "humanoid",
    "cat",
    "dog",
    "rabbit",
    "butterfly",
    "snake",
    "circle",
    "square",
    "triangle",
    "axe",
    "ladder",
    "key",
    "umbrella",
    "flashlight",
    "sailboat"
  ],
  "source_labels": [
    "fish",
    "frog",
    "spider",
    "bird",
    "yoga",
    "cat",
    "dog",
    "rabbit",
    "butterfly",
    "snake",
    "circle",
    "square",
    "triangle",
    "axe",
    "ladder",
    "key",
    "umbrella",
    "flashlight",
    "sailboat"
  ],
  "train_size": 608000,
  "validation_size": 76000,
  "test_size": 76000,
  "validation_accuracy_by_epoch": [
    0.8556578947368421,
    0.8787368421052631,
    0.8832894736842105,
    0.8885657894736843,
    0.8956973684210526,
    0.8963947368421052,
    0.8991710526315789,
    0.9016184210526316,
    0.9017894736842105,
    0.897921052631579,
    0.9045,
    0.9043947368421053
  ],
  "test_accuracy": 0.9043289473684211,
  "classification_report": {
    "fish": {
      "precision": 0.9405458089668616,
      "recall": 0.9477043947949914,
      "f1-score": 0.9441115323468264,
      "support": 4073.0
    },
    "frog": {
      "precision": 0.7567634648796228,
      "recall": 0.7649272453587557,
      "f1-score": 0.7608234560199626,
      "support": 3986.0
    },
    "spider": {
      "precision": 0.9113580246913581,
      "recall": 0.934903748733536,
      "f1-score": 0.9229807451862966,
      "support": 3948.0
    },
    "bird": {
      "precision": 0.8864074993107252,
      "recall": 0.7963834530592023,
      "f1-score": 0.8389874739039666,
      "support": 4037.0
    },
    "humanoid": {
      "precision": 0.8088235294117647,
      "recall": 0.7881269191402251,
      "f1-score": 0.7983411093831001,
      "support": 3908.0
    },
    "cat": {
      "precision": 0.8435256251547413,
      "recall": 0.827343370568237,
      "f1-score": 0.8353561358342528,
      "support": 4118.0
    },
    "dog": {
      "precision": 0.7632429743844815,
      "recall": 0.7707182320441989,
      "f1-score": 0.766962389104086,
      "support": 3982.0
    },
    "rabbit": {
      "precision": 0.8850843060959792,
      "recall": 0.8464400893078641,
      "f1-score": 0.865330966269338,
      "support": 4031.0
    },
    "butterfly": {
      "precision": 0.9605296027979016,
      "recall": 0.9675390035228988,
      "f1-score": 0.9640215619907233,
      "support": 3974.0
    },
    "snake": {
      "precision": 0.8841907446558609,
      "recall": 0.9519473950429944,
      "f1-score": 0.916818901473633,
      "support": 3954.0
    },
    "circle": {
      "precision": 0.9654320987654321,
      "recall": 0.966864490603363,
      "f1-score": 0.9661477637756363,
      "support": 4044.0
    },
    "square": {
      "precision": 0.9788787483702738,
      "recall": 0.9601023017902813,
      "f1-score": 0.9693996126533247,
      "support": 3910.0
    },
    "triangle": {
      "precision": 0.9744360902255639,
      "recall": 0.9766390354182366,
      "f1-score": 0.9755363191569439,
      "support": 3981.0
    },
    "axe": {
      "precision": 0.9273079718924158,
      "recall": 0.9322777101096225,
      "f1-score": 0.9297862001943634,
      "support": 4105.0
    },
    "ladder": {
      "precision": 0.979007162262287,
      "recall": 0.9732383992143383,
      "f1-score": 0.9761142575720266,
      "support": 4073.0
    },
    "key": {
      "precision": 0.8684646321268039,
      "recall": 0.927020202020202,
      "f1-score": 0.8967875900818371,
      "support": 3960.0
    },
    "umbrella": {
      "precision": 0.9743852459016393,
      "recall": 0.965237249429079,
      "f1-score": 0.9697896749521988,
      "support": 3941.0
    },
    "flashlight": {
      "precision": 0.9405684754521964,
      "recall": 0.9166456811886174,
      "f1-score": 0.9284530034434383,
      "support": 3971.0
    },
    "sailboat": {
      "precision": 0.9335740072202167,
      "recall": 0.9687812187812188,
      "f1-score": 0.9508518200759897,
      "support": 4004.0
    },
    "accuracy": 0.9043289473684211,
    "macro avg": {
      "precision": 0.9043434743455855,
      "recall": 0.9043600073751504,
      "f1-score": 0.9040316059693655,
      "support": 76000.0
    },
    "weighted avg": {
      "precision": 0.9044168896803454,
      "recall": 0.9043289473684211,
      "f1-score": 0.9040529864177791,
      "support": 76000.0
    }
  },